{"stats":{"minecraft:used":{"minecraft:poppy":1},"minecraft:mined":{"minecraft:grass":8,"minecraft:poppy":1},"minecraft:custom":{"minecraft:jump":73,"minecraft:time_since_rest":9016,"minecraft:damage_dealt":230,"minecraft:leave_game":2,"minecraft:play_time":9016,"minecraft:sprint_one_cm":3816,"minecraft:time_since_death":9016,"minecraft:walk_one_cm":5221,"minecraft:total_world_time":9016,"minecraft:mob_kills":2,"minecraft:fall_one_cm":2299,"minecraft:drop":1,"minecraft:fly_one_cm":10303},"minecraft:killed":{"minecraft:pig":2},"minecraft:dropped":{"minecraft:wheat_seeds":1},"minecraft:picked_up":{"minecraft:porkchop":4,"minecraft:poppy":1,"minecraft:wheat_seeds":1}},"DataVersion":3465}